{
  "accuracy": 0.9835271317829457,
  "precision": 0.957947488371699,
  "recall": 0.9671252765486726,
  "f1": 0.962472325907229,
  "roc_auc": 0.9969752488938053
}